Workbook

Sheet تسعير
A1: رايزني فرهنگي جمهوري اسلامي ايران در : ترکمنستان | I1: رايزني فرهنگي جمهوري اسلامي ايران در : ترکمنستان
A2: از تاريخ 92/1/1 لغايت 92/11/30 | I2: از تاريخ 92/1/1 لغايت 92/11/30
A4: رديف | B4: تاريخ | C4: شماره چك/نقدي | D4: مبلغ يورو | E4: نرخ تسعير | F4: تبديلي به: منات | G4: ملاحضات | I4: ردیف | J4: تاریخ | K4: یورو | L4: تسعیر دلار | M4: تبدیل شده به دلار | N4: تسعیر منات | O4: تبدیل شده به منات
A5: 1 | E5: =F5/D5 -> #DIV/0! | I5: 1 | K5: 8943.18 | L5: =M5/K5 -> 1.3200003 | M5: 11805 | N5: =O5/M5 -> 2.86 | O5: 33762.3
A6: 2 | B6: طول مدت | C6: آزاد | D6: 5452.66 | E6: =F6/D6 -> 3.7750016 | F6: 20583.8 | G6: بدون رسید و یا فیش | I6: 2
A7: 3 | C7: آزاد | D7: 10000 | E7: =F7/D7 -> 3.775 | F7: 37750 | G7: بدون رسید و یا فیش | I7: 3
A8: 4 | C8: آزاد | D8: 10000 | E8: =F8/D8 -> 3.775 | F8: 37750 | G8: بدون رسید و یا فیش | I8: 4
A9: 5 | C9: آزاد | D9: 10000 | E9: =F9/D9 -> 3.775 | F9: 37750 | G9: بدون رسید و یا فیش | I9: 5
A10: 6 | C10: آزاد | D10: 10000 | E10: =F10/D10 -> 3.775 | F10: 37750 | G10: بدون رسید و یا فیش | I10: 6
A11: 7 | C11: آزاد | D11: 10000 | E11: =F11/D11 -> 3.775 | F11: 37750 | G11: بدون رسید و یا فیش | I11: 7
A12: 8 | C12: آزاد | G12: بدون رسید و یا فیش | I12: 8
A13: 9 | C13: آزاد | G13: بدون رسید و یا فیش | I13: 9
A14: 10 | C14: آزاد | G14: بدون رسید و یا فیش | I14: 10
A15: 11 | C15: آزاد | G15: بدون رسید و یا فیش | I15: 11
A16: 12 | I16: 12
A17: 13 | I17: 13
A18: 14 | I18: 14
A19: 15 | E19: =F19/D19 -> #DIV/0! | I19: 15 | L19: =M19/K19 -> #DIV/0!
A20: 16 | E20: =F20/D20 -> #DIV/0! | I20: 16 | L20: =M20/K20 -> #DIV/0! | N20: =O20/M20 -> #DIV/0!
A21: 17 | E21: =F21/D21 -> #DIV/0! | I21: 17 | L21: =M21/K21 -> #DIV/0! | N21: =O21/M21 -> #DIV/0!
A22: 18 | E22: =F22/D22 -> #DIV/0! | I22: 18 | L22: =M22/K22 -> #DIV/0! | N22: =O22/M22 -> #DIV/0!
A23: 19 | E23: =F23/D23 -> #DIV/0! | I23: 19 | L23: =M23/K23 -> #DIV/0! | N23: =O23/M23 -> #DIV/0!
A24: 20 | E24: =F24/D24 -> #DIV/0! | I24: 20 | L24: =M24/K24 -> #DIV/0! | N24: =O24/M24 -> #DIV/0!
A25: 21 | E25: =F25/D25 -> #DIV/0! | I25: 21 | L25: =M25/K25 -> #DIV/0! | N25: =O25/M25 -> #DIV/0!
A26: 22 | E26: =F26/D26 -> #DIV/0! | I26: 22 | L26: =M26/K26 -> #DIV/0! | N26: =O26/M26 -> #DIV/0!
A27: 23 | E27: =F27/D27 -> #DIV/0! | I27: 23 | L27: =M27/K27 -> #DIV/0! | N27: =O27/M27 -> #DIV/0!
A28: 24 | E28: =F28/D28 -> #DIV/0! | I28: 24 | L28: =M28/K28 -> #DIV/0! | N28: =O28/M28 -> #DIV/0!
A29: 25 | E29: =F29/D29 -> #DIV/0! | I29: 25 | L29: =M29/K29 -> #DIV/0! | N29: =O29/M29 -> #DIV/0!
A30: 26 | E30: =F30/D30 -> #DIV/0! | I30: 26 | L30: =M30/K30 -> #DIV/0! | N30: =O30/M30 -> #DIV/0!
A31: 27 | E31: =F31/D31 -> #DIV/0! | I31: 27 | L31: =M31/K31 -> #DIV/0! | N31: =O31/M31 -> #DIV/0!
... A33: 29 | E33: =F33/D33 -> #DIV/0! | I33: 29 | L33: =M33/K33 -> #DIV/0! | N33: =O33/M33 -> #DIV/0!
A34: جمع كل | D34: =SUM(D5:D33) -> 55452.66 | E34: =F34/D34 -> 3.7750002 | F34: =SUM(F5:F33) -> 209333.8 | I34: جمع کل | K34: =SUM(K5:K33) -> 8943.18 | L34: =M34/K34 -> 1.3200003 | M34: =SUM(M5:M33) -> 11805 | N34: =O34/M34 -> 2.86 | O34: =SUM(O5:O33) -> 33762.3
A35: مصرف اين دوره حسب فهرست هزينه ها: | F35: ='روكش جاري و فرهنگي'!D81+'روكش جاري و فرهنگي'!D35 -> 209333.8 | K35: 18681.52/4948=3.755 رقم تسعیر منات به یورو
A36: مانده موجودي قابل انتقال به دوره بعد: | D36: =F36/E36 -> 0 | E36: =F34/D34 -> 3.7750002 | F36: =F34-F35 -> 0
A38: تنظيم كننده: | D38: حسابرس اعزامي: | E38: سعید حقانی | F38: رايزني فرهنگي ج .ا.ا: آقای اسماعیل زاده | I38: تنظيم كننده: | L38: حسابرس اعزامي: | M38: سعید حقانی | N38: رايزن فرهنگي ج .ا.ا: آقای اسماعیل زاده
A41: رايزني فرهنگي جمهوري اسلامي ايران در : ترکمنستان
A42: از تاريخ 92/1/1 لغايت 92/11/30
A44: رديف | B44: تاريخ | C44: شماره چك/نقدي | D44: مبلغ يورو | E44: نرخ تسعير | F44: تبديلي به: دلار | G44: ملاحضات
A45: 1 | D45: 8943.18 | E45: =F45/D45 -> 1.3200003 | F45: 11805
A46: 2
A47: 3
A48: 4
A49: 5
A50: 6
A51: 7
A52: 8
A53: 9
A54: 10
A55: 11
A56: 12
A57: 13
... A59: 15
A60: 16 | E60: =F60/D60 -> #DIV/0!
A61: 17 | E61: =F61/D61 -> #DIV/0!
A62: 18 | E62: =F62/D62 -> #DIV/0!
A63: 19 | E63: =F63/D63 -> #DIV/0!
A64: 20 | E64: =F64/D64 -> #DIV/0!
A65: 21 | E65: =F65/D65 -> #DIV/0!
A66: 22 | E66: =F66/D66 -> #DIV/0!
A67: 23 | E67: =F67/D67 -> #DIV/0!
A68: 24 | E68: =F68/D68 -> #DIV/0!
A69: 25 | E69: =F69/D69 -> #DIV/0!
A70: 26 | E70: =F70/D70 -> #DIV/0!
A71: 27 | E71: =F71/D71 -> #DIV/0!
... A73: 29 | E73: =F73/D73 -> #DIV/0!
A74: جمع كل | D74: =SUM(D45:D73) -> 8943.18 | E74: =F74/D74 -> 1.3200003 | F74: =SUM(F45:F73) -> 11805
A75: مصرف اين دوره حسب فهرست هزينه ها: | F75: ='روكش جاري و فرهنگي'!D121+'روكش جاري و فرهنگي'!D75 -> 0
A76: مانده موجودي قابل انتقال به دوره بعد: | D76: =F76/E76 -> 8943.18 | E76: =F74/D74 -> 1.3200003 | F76: =F74-F75 -> 11805
A78: تنظيم كننده: | D78: حسابرس اعزامي: | E78: سعید حقانی | F78: رايزني فرهنگي ج .ا.ا: آقای اسماعیل زاده
A81: رايزني فرهنگي جمهوري اسلامي ايران در : ترکمنستان
A82: از تاريخ 92/1/1 لغايت 92/11/30
A84: رديف | B84: تاريخ | C84: شماره چك/نقدي | D84: مبلغ دلار | E84: نرخ تسعير | F84: تبديلي به: منات | G84: ملاحضات
A85: 1 | D85: 6532 | E85: =F85/D85 -> 2.86 | F85: 18681.52
A86: 2 | E86: =F86/D86 -> #DIV/0!
A87: 3 | E87: =F87/D87 -> #DIV/0!
A88: 4 | E88: =F88/D88 -> #DIV/0!
A89: 5 | E89: =F89/D89 -> #DIV/0!
A90: 6 | E90: =F90/D90 -> #DIV/0!
A91: 7 | E91: =F91/D91 -> #DIV/0!
A92: 8 | E92: =F92/D92 -> #DIV/0!
A93: 9 | E93: =F93/D93 -> #DIV/0!
A94: 10 | E94: =F94/D94 -> #DIV/0!
A95: 11 | E95: =F95/D95 -> #DIV/0!
A96: 12 | E96: =F96/D96 -> #DIV/0!
A97: 13 | E97: =F97/D97 -> #DIV/0!
... A113: 29 | E113: =F113/D113 -> #DIV/0!
A114: جمع كل | D114: =SUM(D85:D113) -> 6532 | E114: =F114/D114 -> 2.86 | F114: =SUM(F85:F113) -> 18681.52
A115: مصرف اين دوره حسب فهرست هزينه ها: | F115: ='روكش جاري و فرهنگي'!D161+'روكش جاري و فرهنگي'!D115 -> 0
A116: مانده موجودي قابل انتقال به دوره بعد: | D116: =F116/E116 -> 6532 | E116: =F114/D114 -> 2.86 | F116: =F114-F115 -> 18681.52
A118: تنظيم كننده: | D118: حسابرس اعزامي: | E118: سعید حقانی | F118: رايزني فرهنگي ج .ا.ا: آقای اسماعیل زاده

Sheet ريز جاري
A1: رايزني فرهنگي ج.ا.ايران در:ترکمنستان | J1: هزينه بانكي(كارمزد)
A2: سال 1392/1/1 لغایت 92/11/30 | F2: کد: | J2: حقوق،بازخريدي و...كاركنان بومي
A3: هزينه جاري:بانكي(كارمزد) | F3: نرخ تسعير: | G3: =تسعير!E34 -> 3.7750002 | J3: خريد اقلام مصرفي و پذیرائی
A4: رديف | B4: تارخ سند | C4: شرح | D4: سند | E4: ارز محل | F4: معادل به يورو | G4: يورو | H4: جمع به يورو | J4: هزينه آب برق گاز و ساير سوخت ها
A5: 1 | F5: =E5/G3 -> 0 | H5: =G5+F5 -> 0 | J5: تعمير و نگهداري خودرو
A6: 2 | F6: =E6/G3 -> 0 | H6: =G6+F6 -> 0 | J6: ترميم و نگهداري جزئي ساختمان
A7: 3 | F7: =E7/G3 -> 0 | H7: =G7+F7 -> 0 | J7: حمل و نقل و ارتباطات
A8: 4 | F8: =E8/G3 -> 0 | H8: =G8+F8 -> 0 | J8: تلفن،فاكس و اينترنت
A9: 5 | F9: =E9/G3 -> 0 | H9: =G9+F9 -> 0 | J9: کمک هزینه تحصیلی فرزندان
A10: 6 | F10: =E10/G3 -> 0 | H10: =G10+F10 -> 0 | J10: كمك هزينه درمان و بيمه كاركنان
A11: 7 | F11: =E11/G3 -> 0 | H11: =G11+F11 -> 0 | J11: هزينه هاي خارج از مصوب و تخصيص
A12: 8 | F12: =E12/G3 -> 0 | H12: =G12+F12 -> 0 | J12: هزينه هاي پيش بيني نشده
A13: 9 | F13: =E13/G3 -> 0 | H13: =G13+F13 -> 0
A14: 10 | F14: =E14/G3 -> 0 | H14: =G14+F14 -> 0
A15: 11 | F15: =E15/G3 -> 0 | H15: =G15+F15 -> 0
A16: 12 | F16: =E16/G3 -> 0 | H16: =G16+F16 -> 0
A17: 13 | F17: =E17/G3 -> 0 | H17: =G17+F17 -> 0
A18: 14 | F18: =E18/G3 -> 0 | H18: =G18+F18 -> 0
A19: 15 | F19: =E19/G3 -> 0 | H19: =G19+F19 -> 0
A20: 16 | F20: =E20/G3 -> 0 | H20: =G20+F20 -> 0
A21: 17 | F21: =E21/G3 -> 0 | H21: =G21+F21 -> 0
A22: 18 | F22: =E22/G3 -> 0 | H22: =G22+F22 -> 0
A23: 19 | F23: =E23/G3 -> 0 | H23: =G23+F23 -> 0
A24: 20 | F24: =E24/G3 -> 0 | H24: =G24+F24 -> 0
A25: 21 | F25: =E25/G3 -> 0 | H25: =G25+F25 -> 0
A26: 22 | F26: =E26/G3 -> 0 | H26: =G26+F26 -> 0
A27: 23 | F27: =E27/G3 -> 0 | H27: =G27+F27 -> 0
A28: 24 | F28: =E28/G3 -> 0 | H28: =G28+F28 -> 0
A29: 25 | F29: =E29/G3 -> 0 | H29: =G29+F29 -> 0
A30: جمع كل | E30: =SUM(E5:E29) -> 0 | F30: =E30/G3 -> 0 | G30: =SUM(G5:G29) -> 0 | H30: =SUM(H5:H29) -> 0
A32: تنظيم كننده: | C32: حسابرس اعزامي: سعید حقانی | E32: رايزن فرهنگي: آقای اسماعیل زاده
A43: رايزني فرهنگي ج.ا.ايران در::ترکمنستان | F43: کد: 921321412
A44: سال 1392/1/1 لغایت 92/11/30 | F44: کد:921321413
A45: هزينه جاري:حقوق، بازخريدي و...كاركنان بومي | F45: نرخ تسعير: | G45: =تسعير!E34 -> 3.7750002
A46: رديف | B46: تارخ سند | C46: شرح | D46: سند | E46: ارز محل | F46: معادل به يورو | G46: يورو | H46: جمع به يورو
A47: 1 | B47: 92/1/30 | C47: حقوق کارکنان در فروردین | F47: =E47/G3 -> 0 | G47: 1621 | H47: =G47+F47 -> 1621
A48: 2 | B48: 92/2/30 | C48: حقوق کارکنان در اردیبهشت | F48: =E48/G3 -> 0 | G48: 1371 | H48: =G48+F48 -> 1371
A49: 3 | B49: 92/3/30 | C49: حقوق کارکنان در خرداد | F49: =E49/G3 -> 0 | G49: 1371 | H49: =G49+F49 -> 1371
A50: 4 | B50: 92/4/30 | C50: حقوق کارکنان در تیر | F50: =E50/G3 -> 0 | G50: 1621 | H50: =G50+F50 -> 1621
A51: 5 | B51: 92/5/30 | C51: اضافه کار سه ماهه اول سال | F51: =E51/G3 -> 0 | G51: 257.5 | H51: =G51+F51 -> 257.5
A52: 6 | B52: 92/5/30 | C52: حقوق کارکنان در مرداد | F52: =E52/G3 -> 0 | G52: 1353 | H52: =G52+F52 -> 1353
A53: 7 | C53: حقوق در شهریور | F53: =E53/G3 -> 0 | G53: 1353 | H53: =G53+F53 -> 1353
A54: 8 | C54: حقوق در مهر | F54: =E54/G3 -> 0 | G54: 1353 | H54: =G54+F54 -> 1353
A55: 9 | C55: اضافه کاری سه ماهه دوم | F55: =E55/G3 -> 0 | G55: 370.5 | H55: =G55+F55 -> 370.5
A56: 10 | C56: حقوق در آبان | F56: =E56/G3 -> 0 | G56: 1353 | H56: =G56+F56 -> 1353
A57: 11 | C57: حقوق آذر | F57: =E57/G3 -> 0 | G57: 1353 | H57: =G57+F57 -> 1353
A58: 12 | C58: اضافه کار سه ماهه سوم | F58: =E58/G3 -> 0 | G58: 208 | H58: =G58+F58 -> 208
A59: 13 | C59: حقوق دی | F59: =E59/G3 -> 0 | G59: 1353 | H59: =G59+F59 -> 1353
A60: 14 | C60: حقوق بهمن | F60: =E60/G3 -> 0 | G60: 1353 | H60: =G60+F60 -> 1353
A61: 15 | D61: 24 | F61: =E61/G3 -> 0 | H61: =G61+F61 -> 0
A62: 16 | B62: 92/10/2 | C62: بازخریدی اقای پرویز | D62: 37 | F62: =E62/G3 -> 0 | G62: 3300 | H62: =G62+F62 -> 3300
A63: 17 | F63: =E63/G3 -> 0 | H63: =G63+F63 -> 0
A64: 18 | F64: =E64/G3 -> 0 | H64: =G64+F64 -> 0
A65: 19 | F65: =E65/G3 -> 0 | H65: =G65+F65 -> 0
A66: 20 | F66: =E66/G3 -> 0 | H66: =G66+F66 -> 0
A67: 21 | F67: =E67/G3 -> 0 | H67: =G67+F67 -> 0
A68: 22 | F68: =E68/G3 -> 0 | H68: =G68+F68 -> 0
A69: 23 | F69: =E69/G3 -> 0 | H69: =G69+F69 -> 0
A70: 24 | F70: =E70/G3 -> 0 | H70: =G70+F70 -> 0
A71: 25 | C71: جمع سند | D71: =SUM(D47:D70) -> 61 | F71: =E71/G3 -> 0 | H71: =G71+F71 -> 0
A72: جمع كل | E72: =SUM(E47:E71) -> 0 | F72: =E72/G3 -> 0 | G72: =SUM(G47:G71) -> 19591 | H72: =SUM(H47:H71) -> 19591
A74: تنظيم كننده: | C74: حسابرس اعزامي: سعید حقانی | E74: رايزن فرهنگي: آقای اسماعیل زاده
A85: رايزني فرهنگي ج.ا.ايران در::ترکمنستان
A86: سال 1392/1/1 لغایت 92/11/30 | F86: کد:9213214159
A87: هزينه جاري:خريد اقلام مصرفي و پذیرائی | F87: نرخ تسعير: | G87: =تسعير!E34 -> 3.7750002
A88: رديف | B88: تارخ سند | C88: شرح | D88: سند | E88: ارز محل | F88: معادل به يورو | G88: يورو | H88: جمع به يورو
A89: 1 | C89: کلیه ی هزینه ها | E89: 6833 | F89: =E89/G3 -> 1810.0662 | H89: =G89+F89 -> 1810.0662
A90: 2 | C90: خرید گوشی تلفن(دلاری | E90: 300.3 | F90: =E90/G3 -> 79.549666 | H90: =G90+F90 -> 79.549666
A91: 3 | C91: 105ضزب 2.86تسعیر=300.3منات | F91: =E91/G3 -> 0 | H91: =G91+F91 -> 0
A92: 4 | F92: =E92/G3 -> 0 | H92: =G92+F92 -> 0
A93: 5 | F93: =E93/G3 -> 0 | H93: =G93+F93 -> 0
A94: 6 | F94: =E94/G3 -> 0 | H94: =G94+F94 -> 0
A95: 7 | F95: =E95/G3 -> 0 | H95: =G95+F95 -> 0
A96: 8 | F96: =E96/G3 -> 0 | H96: =G96+F96 -> 0
A97: 9 | F97: =E97/G3 -> 0 | H97: =G97+F97 -> 0
A98: 10 | F98: =E98/G3 -> 0 | H98: =G98+F98 -> 0
A99: 11 | F99: =E99/G3 -> 0 | H99: =G99+F99 -> 0
A100: 12 | F100: =E100/G3 -> 0 | H100: =G100+F100 -> 0
A101: 13 | F101: =E101/G3 -> 0 | H101: =G101+F101 -> 0
A102: 14 | F102: =E102/G3 -> 0 | H102: =G102+F102 -> 0
A103: 15 | F103: =E103/G3 -> 0 | H103: =G103+F103 -> 0
A104: 16 | F104: =E104/G3 -> 0 | H104: =G104+F104 -> 0
A105: 17 | F105: =E105/G3 -> 0 | H105: =G105+F105 -> 0
A106: 18 | F106: =E106/G3 -> 0 | H106: =G106+F106 -> 0
A107: 19 | F107: =E107/G3 -> 0 | H107: =G107+F107 -> 0
A108: 20 | F108: =E108/G3 -> 0 | H108: =G108+F108 -> 0
A109: 21 | F109: =E109/G3 -> 0 | H109: =G109+F109 -> 0
A110: 22 | F110: =E110/G3 -> 0 | H110: =G110+F110 -> 0
A111: 23 | F111: =E111/G3 -> 0 | H111: =G111+F111 -> 0
A112: 24 | F112: =E112/G3 -> 0 | H112: =G112+F112 -> 0
A113: 25 | D113: =SUM(D89:D112) -> 0 | F113: =E113/G3 -> 0 | H113: =G113+F113 -> 0
A114: جمع كل | E114: =SUM(E89:E113) -> 7133.3 | F114: =E114/G3 -> 1889.6158 | G114: =SUM(G89:G113) -> 0 | H114: =SUM(H89:H113) -> 1889.6158
A116: تنظيم كننده: | C116: حسابرس اعزامي: سعید حقانی | E116: رايزن فرهنگي: آقای اسماعیل زاده
A127: رايزني فرهنگي ج.ا.ايران در::ترکمنستان
A128: سال 1392/1/1 لغایت 92/11/30 | F128: کد: 9213214156
A129: هزينه جاري:هزينه آب برق گاز و ساير سوخت ها | F129: نرخ تسعير: | G129: =تسعير!E34 -> 3.7750002
A130: رديف | B130: تارخ سند | C130: شرح | D130: سند | E130: ارز محل | F130: معادل به يورو | G130: يورو | H130: جمع به يورو
A131: 1 | B131: 2 ماه | C131: بنزین خودروهای رایزنی در سال 92 | D131: 7 | E131: 221 | F131: =E131/G3 -> 58.543044 | H131: =G131+F131 -> 58.543044
A132: 2 | B132: 2 ماه | C132: بنزین خودروهای رایزنی در سال 92 | D132: 7 | E132: 140 | F132: =E132/G3 -> 37.086091 | H132: =G132+F132 -> 37.086091
A133: 3 | B133: 2 ماه | C133: بنزین خودروهای رایزنی در سال 92 | D133: 19 | E133: 581 | F133: =E133/G3 -> 153.90728 | H133: =G133+F133 -> 153.90728
...

Sheet ريز فرهنگي
A1: رايزني فرهنگي ج.ا.ايران در:ترکمنستان | J1: هزينه يك:برگزاري جشن نوروز
A2: سال 1392/1/1 لغایت 92/11/30 | F2: کد: 9213214114 | J2: هزينه دو:انتشار 4 شماره از نشريه دوره اي خاوران
A3: هزينه فرهنگي يك: برگزاري جشن نوروز | F3: نرخ تسعير: | G3: =تسعير!E34 -> 3.7750002 | J3: هزينه سه: تعمیر و تجهیز مساجد
A4: رديف | B4: تارخ سند | C4: شرح | D4: سند | E4: ارز محل | F4: معادل به يورو | G4: يورو | H4: جمع به يورو | J4: هزينه چهار:برگزاری همایش امام رضاع
A5: 1 | B5: 92/1/3 | C5: حق الزحمه ودود موذن زاده | F5: =E5/G3 -> 0 | G5: 500 | H5: =G5+F5 -> 500 | J5: هزينه فرهنگي پنج: اجرای برنامه های مبادلات فرهنگی
A6: 2 | B6: 92/1/2 | C6: حق الزحمه سقلی | F6: =E6/G3 -> 0 | G6: 150 | H6: =G6+F6 -> 150 | J6: هزينه شش:ترجمه وانتشار نهج البلاغه
A7: 3 | B7: 91/12/28 | C7: چاپ بنر کتاب نوروز | E7: 35 | F7: =E7/G3 -> 9.2715228 | H7: =G7+F7 -> 9.2715228 | J7: هزينه هفت:حمايت از فعاليتهاي ديني وتبليغي
A8: 4 | B8: 91/12/30 | C8: غذای راننده ها در جشن نوروز | E8: 49 | F8: =E8/G3 -> 12.980132 | H8: =G8+F8 -> 12.980132 | J8: هزینه هشت: ترجمه و چاپ کتاب آموزش زبان فارسی اول به ترکمنی
A9: 5 | B9: 91/12/29 | C9: غذای راننده ها در جشن نوروز | E9: 58 | F9: =E9/G3 -> 15.364238 | H9: =G9+F9 -> 15.364238 | J9: هزينه نه:برگزاري 4 دوره (ترم) آموزش زبان فارسي
A10: 6 | B10: 91/12/29 | C10: شارژ تلفن راننده ها در جشن نوروز | E10: 330 | F10: =E10/G3 -> 87.417215 | H10: =G10+F10 -> 87.417215 | J10: هزينه ده:برگزاري مراسم و مناسبت هاي ديني و مذهبي
A11: 7 | B11: 92/1/5 | C11: کارگر بار کامیون کانون | E11: 150 | F11: =E11/G3 -> 39.735098 | H11: =G11+F11 -> 39.735098 | J11: هزینه 11: برگزاری مراسم ارتحال سالگرد امام ره
A12: 8 | B12: 91/12/23 | C12: خرید آلاچیق | E12: 3809 | F12: =E12/G3 -> 1009.0066 | H12: =G12+F12 -> 1009.0066 | J12: هزینه 12: برگزاری مراسم نیمه شعبان
A13: 9 | B13: 91/12/29 | C13: هزینه شارژ تلفن همکاران | E13: 150 | F13: =E13/G3 -> 39.735098 | H13: =G13+F13 -> 39.735098 | J13: هزینه 13:ترجمه و انتشار کتاب ادعیه و سوره ها همراه با آونگاری آذری
A14: 10 | B14: 91/12/29 | C14: هزینه شارژ تلفن همکاران | E14: 100 | F14: =E14/G3 -> 26.490065 | H14: =G14+F14 -> 26.490065 | J14: هزینه 14:تجهیز اتاق ایران
A15: 11 | B15: 91/12/29 | C15: هزینه شارژ تلفن همکاران | E15: 80 | F15: =E15/G3 -> 21.192052 | H15: =G15+F15 -> 21.192052 | J15: هزینه:15 برگزاری 3 اردوی علمی آموزشی فارسی آموزان
A16: 12 | B16: 91/12/29 | C16: تهیه و تنظیم مدارک ترخیص بار کامیون | E16: 1000 | F16: =E16/G3 -> 264.90065 | H16: =G16+F16 -> 264.90065 | J16: هزینه16: ترجمه چاپ نامه امام علی ع به مالک به زبان ترکمنی
A17: 13 | B17: 92/1/19 | C17: تعمیر و سرویس کامپیوتر | E17: 60 | F17: =E17/G3 -> 15.894039 | H17: =G17+F17 -> 15.894039 | J17: هزینه17: چاپ کتاب صحیفه سجادیه به زبان ترکمنی
A18: 14 | B18: 91/12/25 | C18: طراحی بنر رونمایی کتاب | E18: 60 | F18: =E18/G3 -> 15.894039 | H18: =G18+F18 -> 15.894039 | J18: هزینه18: ترجمه قرآن به زبان ترکمنی
A19: 15 | B19: 91/12/28 | C19: ترجمه و ویرایش نوروزنامه(اتایف | E19: 1200 | F19: =E19/G3 -> 317.88078 | H19: =G19+F19 -> 317.88078
A20: 16 | B20: 92/2/12 | C20: طراحی جلد کتاب نوروز نامه(دلار | E20: 343.2 | F20: =E20/G3 -> 90.913904 | H20: =G20+F20 -> 90.913904
A21: 17 | B21: 92/1/5 | C21: 120ضرب2.86تسعیر=343.2منات | F21: =E21/G3 -> 0 | H21: =G21+F21 -> 0
A22: 18 | B22: 91/12/29 | C22: تهیه و تنظیم مدارک ترخیص بار کامیون(دلار | E22: 1001 | F22: =E22/G3 -> 265.16555 | H22: =G22+F22 -> 265.16555
A23: 19 | C23: 350ضرب2.86تسعیر=1001منات | F23: =E23/G3 -> 0 | H23: =G23+F23 -> 0
A24: 20 | C24: حق الزحمه همکاری در برگزاری جشن نوروز (دلار | E24: 429 | F24: =E24/G3 -> 113.64238 | H24: =G24+F24 -> 113.64238
A25: 21 | C25: 150ضرب2.86تسعیر=429منات | F25: =E25/G3 -> 0 | H25: =G25+F25 -> 0
A26: 22 | D26: 31 | F26: =E26/G3 -> 0 | H26: =G26+F26 -> 0
A27: 23 | F27: =E27/G3 -> 0 | H27: =G27+F27 -> 0
A28: 24 | F28: =E28/G3 -> 0 | H28: =G28+F28 -> 0
A29: 25 | C29: جمع سند | D29: =SUM(D5:D28) -> 31 | F29: =E29/G3 -> 0 | H29: =G29+F29 -> 0
A30: جمع كل | E30: =SUM(E5:E29) -> 8854.2 | F30: =E30/G3 -> 2345.4833 | G30: =SUM(G5:G29) -> 650 | H30: =SUM(H5:H29) -> 2995.4833
A32: تنظيم كننده: | C32: حسابرس اعزامي: | E32: رايزن فرهنگي:
A43: رايزني فرهنگي ج.ا.ايران در:ترکمنستان
A44: سال 1392/1/1 لغایت 92/11/30 | F44: کد: 9213214117
A45: هزينه فرهنگي دو: انتشار 4 شماره از نشريه دوره اي خاوران | F45: نرخ تسعير: | G45: =تسعير!E34 -> 3.7750002
A46: رديف | B46: تارخ سند | C46: شرح | D46: سند | E46: ارز محل | F46: معادل به يورو | G46: يورو | H46: جمع به يورو
A47: 1 | B47: 92/1/20 | C47: ترجمه مستندات محل اقامت امام رضاع مجله 39-38 | E47: 100 | F47: =E47/G3 -> 26.490065 | H47: =G47+F47 -> 26.490065
A48: 2 | B48: 92/6/1 | C48: ترجمه مقالات مجله خاوران 39-38 | E48: 425 | F48: =E48/G3 -> 112.58278 | H48: =G48+F48 -> 112.58278
A49: 3 | B49: 92/5/15 | C49: ترجمه مقالات مجله 39-38 | E49: 3315 | F49: =E49/G3 -> 878.14566 | H49: =G49+F49 -> 878.14566
A50: 4 | B50: 92/11/23 | C50: چاپ رنگی سی دی مجله 39-38 | E50: 540 | F50: =E50/G3 -> 143.04635 | H50: =G50+F50 -> 143.04635
A51: 5 | C51: طراحی مجله 39-38 | E51: 1760 | F51: =E51/G3 -> 466.22515 | H51: =G51+F51 -> 466.22515
A52: 6 | D52: 19 | F52: =E52/G3 -> 0 | H52: =G52+F52 -> 0
A53: 7 | F53: =E53/G3 -> 0 | H53: =G53+F53 -> 0
A54: 8 | F54: =E54/G3 -> 0 | H54: =G54+F54 -> 0
A55: 9 | F55: =E55/G3 -> 0 | H55: =G55+F55 -> 0
A56: 10 | F56: =E56/G3 -> 0 | H56: =G56+F56 -> 0
A57: 11 | F57: =E57/G3 -> 0 | H57: =G57+F57 -> 0
A58: 12 | F58: =E58/G3 -> 0 | H58: =G58+F58 -> 0
A59: 13 | F59: =E59/G3 -> 0 | H59: =G59+F59 -> 0
A60: 14 | F60: =E60/G3 -> 0 | H60: =G60+F60 -> 0
A61: 15 | F61: =E61/G3 -> 0 | H61: =G61+F61 -> 0
A62: 16 | F62: =E62/G3 -> 0 | H62: =G62+F62 -> 0
A63: 17 | F63: =E63/G3 -> 0 | H63: =G63+F63 -> 0
A64: 18 | F64: =E64/G3 -> 0 | H64: =G64+F64 -> 0
A65: 19 | F65: =E65/G3 -> 0 | H65: =G65+F65 -> 0
A66: 20 | F66: =E66/G3 -> 0 | H66: =G66+F66 -> 0
A67: 21 | F67: =E67/G3 -> 0 | H67: =G67+F67 -> 0
A68: 22 | F68: =E68/G3 -> 0 | H68: =G68+F68 -> 0
A69: 23 | F69: =E69/G3 -> 0 | H69: =G69+F69 -> 0
A70: 24 | F70: =E70/G3 -> 0 | H70: =G70+F70 -> 0
A71: 25 | F71: =E71/G3 -> 0 | H71: =G71+F71 -> 0
A72: جمع كل | E72: =SUM(E47:E71) -> 6140 | F72: =E72/G3 -> 1626.49 | G72: =SUM(G47:G71) -> 0 | H72: =SUM(H47:H71) -> 1626.49
A74: تنظيم كننده: | C74: حسابرس اعزامي: | E74: رايزن فرهنگي:
A85: رايزني فرهنگي ج.ا.ايران در:ترکمنستان
A86: سال 1392/1/1 لغایت 92/11/30 | F86: کد:9213214129
A87: هزينه فرهنگي سه: تعمیر و تجهیز مساجد | F87: نرخ تسعير: | G87: =تسعير!E34 -> 3.7750002
A88: رديف | B88: تارخ سند | C88: شرح | D88: سند | E88: ارز محل | F88: معادل به يورو | G88: يورو | H88: جمع به يورو
A89: 1 | C89: هزینه مناتی | E89: 898 | F89: =E89/G3 -> 237.88079 | H89: =G89+F89 -> 237.88079
A90: 2 | C90: هزینه های دلار | E90: 14794.78 | F90: =E90/G3 -> 3919.1469 | H90: =G90+F90 -> 3919.1469
A91: 3 | C91: 5173*2.86=14794.78منات | F91: =E91/G3 -> 0 | H91: =G91+F91 -> 0
A92: 4 | D92: 22 | F92: =E92/G3 -> 0 | H92: =G92+F92 -> 0
A93: 5 | F93: =E93/G45 -> 0 | H93: =G93+F93 -> 0
A94: 6 | F94: =E94/G3 -> 0 | H94: =G94+F94 -> 0
A95: 7 | F95: =E95/G3 -> 0 | H95: =G95+F95 -> 0
A96: 8 | F96: =E96/G3 -> 0 | H96: =G96+F96 -> 0
A97: 9 | F97: =E97/G3 -> 0 | H97: =G97+F97 -> 0
A98: 10 | F98: =E98/G3 -> 0 | H98: =G98+F98 -> 0
A99: 11 | F99: =E99/G3 -> 0 | H99: =G99+F99 -> 0
A100: 12 | F100: =E100/G3 -> 0 | H100: =G100+F100 -> 0
A101: 13 | F101: =E101/G3 -> 0 | H101: =G101+F101 -> 0
A102: 14 | F102: =E102/G3 -> 0 | H102: =G102+F102 -> 0
A103: 15 | F103: =E103/G3 -> 0 | H103: =G103+F103 -> 0
A104: 16 | F104: =E104/G3 -> 0 | H104: =G104+F104 -> 0
A105: 17 | F105: =E105/G3 -> 0 | H105: =G105+F105 -> 0
A106: 18 | F106: =E106/G3 -> 0 | H106: =G106+F106 -> 0
A107: 19 | F107: =E107/G3 -> 0 | H107: =G107+F107 -> 0
A108: 20 | F108: =E108/G3 -> 0 | H108: =G108+F108 -> 0
A109: 21 | F109: =E109/G3 -> 0 | H109: =G109+F109 -> 0
A110: 22 | F110: =E110/G3 -> 0 | H110: =G110+F110 -> 0
A111: 23 | F111: =E111/G3 -> 0 | H111: =G111+F111 -> 0
A112: 24 | F112: =E112/G3 -> 0 | H112: =G112+F112 -> 0
A113: 25 | D113: =SUM(D89:D112) -> 22 | F113: =E113/G3 -> 0 | H113: =G113+F113 -> 0
A114: جمع كل | E114: =SUM(E89:E113) -> 15692.78 | F114: =E114/G3 -> 4157.0276 | G114: =SUM(G89:G113) -> 0 | H114: =SUM(H89:H113) -> 4157.0276
A116: تنظيم كننده: | C116: حسابرس اعزامي: سعید حقانی | E116: رايزن فرهنگي: آقای اسماعیل زاده
A127: رايزني فرهنگي ج.ا.ايران در:ترکمنستان
A128: سال 1392/1/1 لغایت 92/11/30 | F128: کد: 9213214120
A129: هزينه فرهنگي چهار:برگزاری همایش امام رضاع | F129: نرخ تسعير: | G129: =تسعير!E34 -> 3.7750002
A130: رديف | B130: تارخ سند | C130: شرح | D130: سند | E130: ارز محل | F130: معادل به يورو | G130: يورو | H130: جمع به يورو
A131: 1 | C131: کلیه هزینه های مناتی | E131: 13459 | F131: =E131/G3 -> 3565.2979 | H131: =G131+F131 -> 3565.2979
A132: 2 | C132: هزینه دلاری558 | E132: 1595.88 | F132: =E132/G3 -> 422.74965 | H132: =G132+F132 -> 422.74965
A133: 3 | C133: 558*2.86=1595.88 | F133: =E133/G3 -> 0 | H133: =G133+F133 -> 0
...

Sheet حقوق مرکزی ها
A1: هزینه حقوق: پرسنلی اعزامی از مرکز
A2: نمایندگی ج.ا.ایران در ترکمنستان
A3: سال 1392/1/1 لغایت 92/12/29 | G3: ارقام : یورو
A5: ردیف | B5: نام و نام خانوادگی | C5: رسول اسماعیل زاده | D5: نعمتی زاده | E5: اضافه کار نعمتی زاده | F5: میرمحمدی | H5: توضیحات
A6: 1 | B6: فروردین | F6: 8898
A7: 2 | B7: اردیبهشت | F7: 2966
A8: 3 | B8: خرداد | C8: 14082 | D8: 7800
A9: 4 | B9: تیر
A10: 5 | B10: مرداد | D10: 5200
A11: 6 | B11: شهریور | D11: 2600
A12: 7 | B12: مهر
A13: 8 | B13: آبان
A14: 9 | B14: آذر | D14: 7800
A15: 10 | B15: دی | D15: 2600
A16: 11 | B16: بهمن | D16: 2417
A17: 12 | B17: اسفند
A18: جمع پرداخت شده به تفکیک افراد | C18: =SUM(C6:C17) -> 14082 | D18: =SUM(D6:D17) -> 28417 | E18: =SUM(E6:E17) -> 0 | F18: =SUM(F6:F17) -> 11864 | G18: =SUM(G6:G17) -> 0
A19: جمع کل : | C19: =G18+F18+E18+D18+C18 -> 54363
B22: تنظیم کننده : سعید حقانی | F22: رایزنی فرهنگی ج.ا.ایران در ترکمنستان :
F23: رسول اسماعیل زاده

Sheet روكش جاري و فرهنگي
A1: ليست كلي هزينه هاي جاري رايزني فرهنگي ج.ا.ايران در ترکمنستان -عشق آباد
A2: سال 1392/1/1 لغایت 92/11/30
D3: نرخ تسعیر: | E3: =تسعير!E34 -> 3.7750002
A4: رديف | B4: كد برنامه | C4: عنوان برنامه | D4: ارز محل | E4: يورو | F4: جمع به يورو
A5: 1 | C5: هزينه بانكي | D5: ='ريز جاري'!E30 -> 0 | E5: ='ريز جاري'!G30 -> 0 | F5: =D5/تسعير!E34+E5 -> 0
A6: 2 | B6: 921321412 921321413 | C6: هزينه:حقوق، بازخريدي و...كاركنان بومي | D6: ='ريز جاري'!E72 -> 0 | E6: ='ريز جاري'!G72 -> 19591 | F6: =D6/تسعير!E34+E6 -> 19591
A7: 3 | B7: 9213214156 | C7: هزينه:هزينه آب برق گاز و ساير سوخت ها | D7: ='ريز جاري'!E156 -> 2109 | E7: ='ريز جاري'!G156 -> 0 | F7: =D7/تسعير!E34+E7 -> 558.67547
A8: 4 | B8: 9213214155 | C8: هزينه:تعمير و نگهداري خودرو | D8: ='ريز جاري'!E198 -> 3535.5 | E8: ='ريز جاري'!G198 -> 0 | F8: =D8/تسعير!E34+E8 -> 936.55625
A9: 5 | B9: 9213214154 | C9: ترميم و نگهداري جزئي ساختمان | D9: ='ريز جاري'!E240 -> 1384 | E9: ='ريز جاري'!G240 -> 0 | F9: =D9/تسعير!E34+E9 -> 366.6225
A10: 6 | B10: 9213214160 | C10: حمل و نقل و ارتباطات | D10: ='ريز جاري'!E282 -> 3823 | E10: ='ريز جاري'!G282 -> 0 | F10: =D10/تسعير!E34+E10 -> 1012.7152
A11: 7 | B11: 9213214157 | C11: تلفن ، فاكس و اينترنت | D11: ='ريز جاري'!E324 -> 19129 | E11: ='ريز جاري'!G324 -> 0 | F11: =D11/تسعير!E34+E11 -> 5067.2846
A12: 8 | C12: هزينه: کمک هزینه تحصیلی فرزندان | D12: ='ريز جاري'!E366 -> 0 | E12: ='ريز جاري'!G366 -> 0 | F12: =D12/تسعير!E34+E12 -> 0
A13: 9 | B13: 921321415 | C13: كمك هزينه درمان و بيمه كاركنان | D13: ='ريز جاري'!E408 -> 278 | E13: ='ريز جاري'!G408 -> 0 | F13: =D13/تسعير!E34+E13 -> 73.642381
A14: 10 | C14: هزينه هاي خارج از مصوب و تخصيص | D14: ='ريز جاري'!E450 -> 0 | E14: ='ريز جاري'!G450 -> 0 | F14: =D14/تسعير!E34+E14 -> 0
A15: 11 | B15: 9213214152 | C15: هزينه هاي پيش بيني نشده | D15: ='ريز جاري'!E492 -> 1361 | E15: ='ريز جاري'!G492 -> 0 | F15: =D15/تسعير!E34+E15 -> 360.52979
A16: 12 | B16: 9213214159 | C16: هزينه:خريد اقلام مصرفي و پذیرائی | D16: ='ريز جاري'!E114 -> 7133.3 | E16: ='ريز جاري'!G114 -> 0 | F16: =D16/تسعير!E34+E16 -> 1889.6158
A17: 13 | B17: 921321411 | C17: هزينه حقوق كاركنان اعزامي از مركز | E17: 54363 | F17: =D17/تسعير!E34+E17 -> 54363
A18: 14 | F18: =D18/تسعير!E34+E18 -> 0
A19: 15 | F19: =D19/تسعير!E34+E19 -> 0
A20: 16 | F20: =D20/تسعير!E34+E20 -> 0
A21: 17 | F21: =D21/تسعير!E34+E21 -> 0
A22: 18 | F22: =D22/تسعير!E34+E22 -> 0
A23: 19 | F23: =D23/تسعير!E34+E23 -> 0
A24: 20 | F24: =D24/تسعير!E34+E24 -> 0
A25: 21 | F25: =D25/تسعير!E34+E25 -> 0
A26: 22 | F26: =D26/تسعير!E34+E26 -> 0
A27: 23 | F27: =D27/تسعير!E34+E27 -> 0
A28: 24 | F28: =D28/تسعير!E34+E28 -> 0
A29: 25 | F29: =D29/تسعير!E34+E29 -> 0
A30: 26 | F30: =D30/تسعير!E34+E30 -> 0
A31: 27 | F31: =D31/تسعير!E34+E31 -> 0
A32: 28 | F32: =D32/تسعير!E34+E32 -> 0
A33: 29 | F33: =D33/تسعير!E34+E33 -> 0
A34: 30 | F34: =D34/تسعير!E34+E34 -> 0
A35: جمع هزينه هاي جاري | D35: =SUM(D5:D34) -> 38752.8 | E35: =SUM(E5:E34) -> 73954 | F35: =SUM(F5:F34) -> 84219.642
A37: تنظيم كننده: | C37: حسابرس اعزامي: سعید حقانی | E37: رايزني فرهنگي ج.ا.ا:ترکمنستان
A47: ليست كلي هزينه هاي فرهنگي رايزني فرهنگي ج.ا.ايران در ترکمنستان -عشق آباد
A48: سال 1392/1/1 لغایت 92/11/30
D49: نرخ تسعیر: | E49: =تسعير!E34 -> 3.7750002
A50: رديف | B50: كد برنامه | C50: عنوان برنامه | D50: ارز محل | E50: يورو | F50: جمع به يورو
A51: 1 | B51: 9213214114 | C51: برگزاري جشن نوروز | D51: ='ريز فرهنگي'!E30 -> 8854.2 | E51: ='ريز فرهنگي'!G30 -> 650 | F51: =D51/تسعير!E34+E51 -> 2995.4833
A52: 2 | B52: 9213214117 | C52: انتشار 4 شماره از نشريه دوره اي خاوران | D52: ='ريز فرهنگي'!E72 -> 6140 | E52: ='ريز فرهنگي'!G72 -> 0 | F52: =D52/تسعير!E34+E52 -> 1626.49
A53: 3 | B53: 9213214129 | C53: هزينه سه: تعمیر و تجهیز مساجد | D53: ='ريز فرهنگي'!E114 -> 15692.78 | E53: ='ريز فرهنگي'!G114 -> 0 | F53: =D53/تسعير!E34+E53 -> 4157.0276
A54: 4 | B54: 9213214120 | C54: هزينه چهار:برگزاری همایش امام رضاع | D54: ='ريز فرهنگي'!E156 -> 15054.88 | E54: ='ريز فرهنگي'!G156 -> 0 | F54: =D54/تسعير!E34+E54 -> 3988.0475
A55: 5 | B55: 9213214138 | C55: هزينه پنج: اجرای برنامه های مبادلات فرهنگی | D55: ='ريز فرهنگي'!E198 -> 1172 | E55: ='ريز فرهنگي'!G198 -> 0 | F55: =D55/تسعير!E34+E55 -> 310.46356
A56: 6 | B56: 9213214143 | C56: هزينه شش:ترجمه وانتشار نهج البلاغه | D56: ='ريز فرهنگي'!E240 -> 2040 | E56: ='ريز فرهنگي'!G240 -> 0 | F56: =D56/تسعير!E34+E56 -> 540.39733
A57: 7 | B57: 9213214133 | C57: هزينه هفت:حمايت از فعاليتهاي ديني وتبليغي | D57: ='ريز فرهنگي'!E282 -> 13569.14 | E57: ='ريز فرهنگي'!G282 -> 400 | F57: =D57/تسعير!E34+E57 -> 3994.474
A58: 8 | B58: 9213214151 | C58: هزینه هشت: ترجمه و چاپ کتاب آموزش زبان فارسی اول به ترکمنی | D58: ='ريز فرهنگي'!E324 -> 1252 | E58: ='ريز فرهنگي'!G324 -> 0 | F58: =D58/تسعير!E34+E58 -> 331.65562
A59: 9 | B59: 9213214139 | C59: هزينه نه:برگزاري 4 دوره (ترم) آموزش زبان فارسي | D59: ='ريز فرهنگي'!E366 -> 57842 | E59: ='ريز فرهنگي'!G366 -> 0 | F59: =D59/تسعير!E34+E59 -> 15322.383
A60: 10 | B60: 9213214130 | C60: هزينه ده:برگزاري مراسم و مناسبت هاي ديني و مذهبي. محرم رمضان و ولادتهاو.. | D60: ='ريز فرهنگي'!E408 -> 34945 | E60: ='ريز فرهنگي'!G408 -> 0 | F60: =D60/تسعير!E34+E60 -> 9256.9533
A61: 11 | B61: 9213214115 | C61: هزینه 11: برگزاری مراسم ارتحال سالگرد امام ره | D61: ='ريز فرهنگي'!E446 -> 4535 | E61: ='ريز فرهنگي'!G446 -> 0 | F61: =D61/تسعير!E34+E61 -> 1201.3245
A62: 12 | B62: 9213214116 | C62: هزینه 12: برگزاری مراسم نیمه شعبان | D62: ='ريز فرهنگي'!E499 -> 6783 | E62: ='ريز فرهنگي'!G499 -> 0 | F62: =D62/تسعير!E34+E62 -> 1796.8211
A63: 13 | B63: 9213214126 | C63: هزینه 13:ترجمه و انتشار کتاب ادعیه و سوره ها همراه با آونگاری آذری | D63: ='ريز فرهنگي'!E551 -> 0 | E63: ='ريز فرهنگي'!G551 -> 0 | F63: =D63/تسعير!E34+E63 -> 0
A64: 14 | B64: 9213214136 | C64: هزینه 14:تجهیز اتاق ایران | D64: ='ريز فرهنگي'!E603 -> 0 | E64: ='ريز فرهنگي'!G603 -> 0 | F64: =D64/تسعير!E34+E64 -> 0
A65: 15 | B65: 9213214140 | C65: هزینه:15 برگزاری 3 اردوی علمی آموزشی فارسی آموزان | D65: ='ريز فرهنگي'!E655 -> 2701 | E65: ='ريز فرهنگي'!G655 -> 0 | F65: =D65/تسعير!E34+E65 -> 715.49666
A66: 16 | B66: 9213214145 | C66: هزینه16: ترجمه چاپ نامه امام علی ع به مالک به زبان ترکمنی | D66: ='ريز فرهنگي'!E706 -> 0 | E66: ='ريز فرهنگي'!G706 -> 0 | F66: =D66/تسعير!E34+E66 -> 0
A67: 17 | B67: 9213214146 | C67: هزینه17: چاپ کتاب صحیفه سجادیه به زبان ترکمنی | D67: ='ريز فرهنگي'!E758 -> 0 | E67: ='ريز فرهنگي'!G758 -> 0 | F67: =D67/تسعير!E34+E67 -> 0
A68: 18 | B68: 9213214144 | C68: هزینه18: ترجمه قرآن به زبان ترکمنی | D68: ='ريز فرهنگي'!E810 -> 0 | E68: ='ريز فرهنگي'!G810 -> 0 | F68: =D68/تسعير!E34+E68 -> 0
A69: 19 | F69: =D69/تسعير!E34+E69 -> 0
A70: 20 | F70: =D70/تسعير!E34+E70 -> 0
A71: 21 | F71: =D71/تسعير!E34+E71 -> 0
A72: 22 | F72: =D72/تسعير!E34+E72 -> 0
A73: 23 | F73: =D73/تسعير!E34+E73 -> 0
A74: 24 | F74: =D74/تسعير!E34+E74 -> 0
A75: 25 | F75: =D75/تسعير!E34+E75 -> 0
A76: 26 | F76: =D76/تسعير!E34+E76 -> 0
A77: 27 | F77: =D77/تسعير!E34+E77 -> 0
A78: 28 | F78: =D78/تسعير!E34+E78 -> 0
A79: 29 | F79: =D79/تسعير!E34+E79 -> 0
A80: 30 | F80: =D80/تسعير!E34+E80 -> 0
A81: جمع هزينه هاي فرهنگي | D81: =SUM(D50:D80) -> 170581 | E81: =SUM(E50:E80) -> 1050 | F81: =SUM(F50:F80) -> 46237.018
A83: تنظيم كننده: | C83: حسابرس اعزامي: سعید حقانی | E83: رايزني فرهنگي ج.ا.ا:ترکمنستان

Sheet تراز يوروئي و ارزمحل
A2: نمايندگي فرهنگي سفارت ج.ا.ايران در ترکمنستان
A3: تراز عمليات مالي حساب هاي يوروئي از تاريخ 92/1/1 لغايت 92/11/30 ارقام به: يورو
A4: شرح حساب | B4: گردش عمليات مالي | D4: مانده نهايي حساب
B6: بدهكار | C6: بستانكار | D6: بدهكار | E6: بستانكار
A7: بانك:
A8: حساب(جاري1) يورويي به شماره
A9: حساب(جاري2) يورويي به شماره
A10: تنخواه گردان پرداختي:
A11: موجودي صندوق | D11: 84386.8
A12: علي الحساب ها:
A13: يك:علي الحساب جک امانی آقای ناصری | E13: 16058
A14: دو: تعهدات پرداخت نشده(چک آقای ناصری | D14: 16058
A15: سه: پيش پرداخت
A16: وام كاركنان محلي(بدهكار)
A17: حساب سفارت(مانده حساب رايزني نزد سفارت)
A18: حساب تسعير يورو به ارز محل | D18: =تسعير!D34 -> 55452.66
A19: هزينه ها:
A20: هزينه هاي جاري | D20: ='روكش جاري و فرهنگي'!E35-'روكش جاري و فرهنگي'!F17 -> 19591
A21: هزينه هاي فرهنگي | D21: ='روكش جاري و فرهنگي'!E81 -> 1050
A22: هزينه حقوق كاركنان اعزامي از مركز | D22: ='روكش جاري و فرهنگي'!F17 -> 54363
A23: هزينه(1)
A24: هزينه(2)
A25: حساب دريافتي از سازمان بابت بودجه برنامه اي:
A26: بابت بودجه برنامه اي سال جاري | E26: 138000
A27: بابت(1)علي الحساب دريافتي از مركز...
A28: حساب وجوه مصرف نشده سنوات قبل
A29: مانده موجودي نقل از دوره قبل(صندوق+بانك) | E29: 76843.5
A30: دريافتي بابت درآمد
A31: جمع كل: | B31: =SUM(B7:B30) -> 0 | C31: =SUM(C7:C30) -> 0 | D31: =SUM(D7:D30) -> 230901.46 | E31: =SUM(E7:E30) -> 230901.5
A33: بدين وسيله صحت ارقام در ترازنامه نمايندگي به شرح فوق از تاريخ 92/1/1 لغايت 92/12/29 مورد تأئيد است.
A35: حسابرس اعزامي: سعید حقانی | C35: رايزني فرهنگي ج.ا.ايران در ترکمنستان
A43: نمايندگي فرهنگي سفارت ج.ا.ايران در
A44: تراز عمليات مالي حساب هاي ارز محل از تاريخ 92/1/1 لغايت 92/11/30 ارقام به :ارز محل
D45: نرخ ميانگين تسعير: | E45: =تسعير!E34 -> 3.7750002
A46: شرح حساب | B46: گردش عمليات مالي | D46: مانده نهايي حساب
B48: بدهكار | C48: بستانكار | D48: بدهكار | E48: بستانكار
A49: بانك:
A50: حساب(جاري1) ارز محل به شماره
A51: حساب(جاري2) ارز محل به شماره
A52: تنخواه گردان پرداختي:
A53: موجودي صندوق ارز محل
A54: علي الحساب ها:
A55: يك: بستانكاران(اگر از رايزني طلب داشته باشد)
A56: دو:
A57: سه:
A58: وام كاركنان محلي(بدهكار)
A59: حساب سفارت(مانده حساب رايزني نزد سفارت)
A60: هزينه ها:
A61: هزينه هاي جاري | D61: ='روكش جاري و فرهنگي'!D35 -> 38752.8
A62: هزينه هاي فرهنگي | D62: ='روكش جاري و فرهنگي'!D81 -> 170581
A63: هزينه(1)
A64: هزينه(2)
A65: حساب دريافتي از محل تسعير يورو به ارز محل:
A66: مانده موجودي نقل از دوره قبل(صندوق+بانك)
A67: دريافتي ناشي از تسعير يورو به ارز محل | E67: =تسعير!F34 -> 209333.8
A68: درآمد
A69: جمع كل: | B69: =SUM(B49:B67) -> 0 | C69: =SUM(C49:C67) -> 0 | D69: =SUM(D49:D67) -> 209333.8 | E69: =SUM(E49:E67) -> 209333.8
A71: بدين وسيله صحت ارقام در ترازنامه نمايندگي به شرح فوق از تاريخ 92/1/1 لغايت 92/11/30 مورد تأئيد است.
A73: حسابرس اعزامي: سعید حقانی | C73: رايزني فرهنگي ج.ا.ايران در ترکمنستان

Sheet تراز تلفيقي
A1: نمايندگي فرهنگي سفارت ج.ا.ايران در
A2: تراز عمليات تلفيقي (حساب ارز محل و يورو)
A3: از تاريخ92/1/1 لغايت92/11/30 نرخ ميانگين تسعير: | D3: =تسعير!E34 -> 3.7750002
A4: شرح حساب | B4: حساب هاي يوروئي | D4: معادل يورو حساب هاي ارز محل | F4: مانده نهايي به يورو
B5: بدهكار | C5: بستانكار | D5: بدهكار | E5: بستانكار | F5: بدهكار | G5: بستانكار
A6: بانك:
A7: حساب يوروئي(1) به شماره | B7: ='تراز يوروئي و ارزمحل'!D8 -> 0 | F7: =B7 -> 0
A8: حساب يوروئي(2) به شماره | B8: ='تراز يوروئي و ارزمحل'!D9 -> 0 | F8: =B8 -> 0
A9: حساب ارز محل(1) به شماره | D9: ='تراز يوروئي و ارزمحل'!D50/تسعير!E34 -> 0 | F9: =D9 -> 0
A10: حساب ارز محل(2) به شماره | D10: ='تراز يوروئي و ارزمحل'!D51/تسعير!E34 -> 0 | F10: =D10 -> 0
A11: تنخواه گردان پرداخت:
A12: موجودي صندوق | B12: ='تراز يوروئي و ارزمحل'!D11 -> 84386.8 | C12: ='تراز يوروئي و ارزمحل'!E11 -> 0 | D12: ='تراز يوروئي و ارزمحل'!D53/تسعير!E34 -> 0 | E12: ='تراز يوروئي و ارزمحل'!E53/'تراز يوروئي و ارزمحل'!E45 -> 0 | F12: =D12+B12-E12-C12 -> 84386.8
A13: علي الحساب ها:
A14: يك:علي الحساب جک امانی آقای ناصری | C14: ='تراز يوروئي و ارزمحل'!E13 -> 16058 | E14: ='تراز يوروئي و ارزمحل'!E55/تسعير!E34 -> 0 | G14: =E14+C14 -> 16058
A15: دو: تعهدات پرداخت نشده(چک آقای ناصری | B15: ='تراز يوروئي و ارزمحل'!D14 -> 16058 | D15: ='تراز يوروئي و ارزمحل'!D56/تسعير!E34 -> 0 | F15: =D15+B15 -> 16058
A16: علي الحساب سه | B16: ='تراز يوروئي و ارزمحل'!D15 -> 0 | D16: ='تراز يوروئي و ارزمحل'!D57/تسعير!E34 -> 0 | F16: =D16+B16 -> 0
A17: وام كاركنان محلي | B17: ='تراز يوروئي و ارزمحل'!D16 -> 0 | D17: ='تراز يوروئي و ارزمحل'!D58/تسعير!E34 -> 0 | F17: =D17+B17 -> 0
A18: حساب سفارت | B18: ='تراز يوروئي و ارزمحل'!D17 -> 0 | D18: ='تراز يوروئي و ارزمحل'!D59/تسعير!E34 -> 0 | F18: =D18+B18 -> 0
A19: حساب تسعير يورو به ارز محل | B19: ='تراز يوروئي و ارزمحل'!D18 -> 55452.66 | F19: =B19 -> 55452.66
A20: حساب دريافتي ناشي از تسعير يورو به ارز محل | E20: ='تراز يوروئي و ارزمحل'!E67/تسعير!E34 -> 55452.66 | G20: =E20 -> 55452.66
A21: هزينه ها:
A22: هزينه هاي جاري | B22: ='تراز يوروئي و ارزمحل'!D20 -> 19591 | D22: ='تراز يوروئي و ارزمحل'!D61/تسعير!E34 -> 10265.642 | F22: =D22+B22 -> 29856.642
A23: هزينه هاي فرهنگي | B23: ='تراز يوروئي و ارزمحل'!D21 -> 1050 | D23: ='تراز يوروئي و ارزمحل'!D62/تسعير!E34 -> 45187.018 | F23: =D23+B23 -> 46237.018
A24: هزينه حقوق كاركنان اعزامي از مركز | B24: ='تراز يوروئي و ارزمحل'!D22 -> 54363 | F24: =B24 -> 54363
A25: هزينه يك | B25: ='تراز يوروئي و ارزمحل'!D23 -> 0 | D25: ='تراز يوروئي و ارزمحل'!D63/تسعير!E34 -> 0 | F25: =D25+B25 -> 0
A26: هزينه دو | B26: ='تراز يوروئي و ارزمحل'!D24 -> 0 | D26: ='تراز يوروئي و ارزمحل'!D64/تسعير!E34 -> 0 | F26: =D26+B26 -> 0
A27: هزينه خريد خودرو | F27: =D27+B27 -> 0
A28: هزينه هاي واخواهي شده | F28: =D28+B28 -> 0
A29: حساب دريافتي از سازمان بابت بودجه برنامه اي
A30: بابت بودجه برنامه اي سال جاري | C30: ='تراز يوروئي و ارزمحل'!E26 -> 138000 | G30: =C30 -> 138000
A31: بابت(1) بودجه ساير ادارات | C31: ='تراز يوروئي و ارزمحل'!E27 -> 0 | G31: =C31 -> 0
A32: حساب وجوه مصرف نشده سنوات قبل
A33: مانده موجودي نقل از دوره قبل(صندوق+بانك) | C33: ='تراز يوروئي و ارزمحل'!E29 -> 76843.5 | E33: ='تراز يوروئي و ارزمحل'!E66/تسعير!E34 -> 0 | G33: =E33+C33 -> 76843.5
A34: دريافتي بابت درآمد | C34: ='تراز يوروئي و ارزمحل'!E30 -> 0 | E34: ='تراز يوروئي و ارزمحل'!E68/تسعير!E34 -> 0 | G34: =E34+C34 -> 0
A35: جمع كل | B35: =SUM(B6:B34) -> 230901.46 | C35: =SUM(C6:C34) -> 230901.5 | D35: =SUM(D6:D34) -> 55452.66 | E35: =SUM(E6:E34) -> 55452.66 | F35: =SUM(F6:F34) -> 286354.12 | G35: =SUM(G6:G34) -> 286354.16
A36: بدين وسيله صحت ارقام در ترازنامه نمايندگي به شرح فوق از تاريخ 92/1/1 لغايت 92/11/30 با نرخ ميانگين تسعير: 3.775
A37: برابر با يك يورو مورد تأئيد است.
A38: حسابرس اعزامي:سعید حقانی | D38: رايزني فرهنگي ج.ا.ايران در ترکمنستان

Sheet ریزحقوق کارکنان محلی
A1: حقوق،بازخريدي و...كاركنان بومي کد برنامه: فروردین سال
A2: حقوق،بازخريدي و...كاركنان بومي کد برنامه: اردیبهست سال
A3: حقوق،بازخريدي و...كاركنان بومي کد برنامه: خرداد سال
A4: حقوق،بازخريدي و...كاركنان بومي کد برنامه: تیر سال
A5: حقوق،بازخريدي و...كاركنان بومي کد برنامه: مرداد سال
A6: حقوق،بازخريدي و...كاركنان بومي کد برنامه: شهریور سال
A7: حقوق،بازخريدي و...كاركنان بومي کد برنامه: مهر سال
A8: حقوق،بازخريدي و...كاركنان بومي کد برنامه: آبان سال
A9: حقوق،بازخريدي و...كاركنان بومي کد برنامه: آذر سال
A10: حقوق،بازخريدي و...كاركنان بومي کد برنامه: دی سال
A11: حقوق،بازخريدي و...كاركنان بومي کد برنامه: بهمن سال
A12: حقوق،بازخريدي و...كاركنان بومي کد برنامه: اسفند سال
A32: نمایندگی فرهنگی ج.ا.ایران در
A33: حقوق،بازخريدي و...كاركنان بومي کد برنامه: فروردین سال | G33: نرخ تسعیر: | H33: =تسعير!E34 -> 3.7750002
A34: ردیف | B34: نام و نام خانوادگی | C34: شغل | D34: حقوق ماهانه به یورو | E34: حقوق ماهانه به ارز محل | F34: ساعت اضافه کار | G34: مبلغ اضافه کار به یورو | H34: جمع کل پرداختی به یورو | I34: توضیحات
A35: 1 | H35: =D35+(E35/H33)+G35 -> 0
A36: 2 | H36: =D36+E36/H33+G36 -> 0
A37: 3 | H37: =D37+E37/H33+G37 -> 0
A38: 4 | H38: =D38+E38/H33+G38 -> 0
A39: 5 | H39: =D39+E39/H33+G39 -> 0
A40: 6 | H40: =D40+E40/H33+G40 -> 0
A41: 7 | H41: =D41+E41/H33+G41 -> 0
A42: 8 | H42: =D42+E42/H33+G42 -> 0
A43: 9 | H43: =D43+E43/H33+G43 -> 0
A44: 10 | H44: =D44+E44/H33+G44 -> 0
A45: 11 | H45: =D45+E45/H33+G45 -> 0
A46: 12 | H46: =D46+E46/H33+G46 -> 0
A47: جمع کل: | D47: =SUM(D35:D46) -> 0 | E47: =SUM(E35:E46) -> 0 | F47: =SUM(F35:F46) -> 0 | G47: =SUM(G35:G46) -> 0 | H47: =SUM(H35:H46) -> 0
A48: بدینوسیله گواهی میشود مبلغ یورو بابت حقوق فروردین ماه و مبلغ یورو بابت اضافه کاری جمعآ به مبلغ یورو به تعداد نفر از کارکنان محلی رایزنی فرهنگی ج. ا.ایران در کشور از محل بودجه برنامه مصوب پرداخت گردیده است. صحن مندرجات مورد تأئید می باشد.
A51: کارشناس فرهنگی | G51: مهر و امضاء رایزنی فرهنگی
A58: نمایندگی فرهنگی ج.ا.ایران در
A59: حقوق،بازخريدي و...كاركنان بومي کد برنامه: اردیبهشت سال | G59: نرخ تسعیر: | H59: =تسعير!E34 -> 3.7750002
A60: ردیف | B60: نام و نام خانوادگی | C60: شغل | D60: حقوق ماهانه به یورو | E60: حقوق ماهانه به ارز محل | F60: ساعت اضافه کار | G60: مبلغ اضافه کار به یورو | H60: جمع کل پرداختی به یورو | I60: توضیحات
A61: 1 | H61: =D61+E61/H59+G61 -> 0
A62: 2 | H62: =D62+E62/H59+G62 -> 0
A63: 3 | H63: =D63+E63/H59+G63 -> 0
A64: 4 | H64: =D64+E64/H59+G64 -> 0
A65: 5 | H65: =D65+E65/H59+G65 -> 0
A66: 6 | H66: =D66+E66/H59+G66 -> 0
A67: 7 | H67: =D67+E67/H59+G67 -> 0
A68: 8 | H68: =D68+E68/H59+G68 -> 0
A69: 9 | H69: =D69+E69/H59+G69 -> 0
A70: 10 | H70: =D70+E70/H59+G70 -> 0
A71: 11 | H71: =D71+E71/H59+G71 -> 0
A72: 12 | H72: =D72+E72/H59+G72 -> 0
A73: جمع کل: | D73: =SUM(D61:D72) -> 0 | E73: =SUM(E61:E72) -> 0 | F73: =SUM(F61:F72) -> 0 | G73: =SUM(G61:G72) -> 0 | H73: =SUM(H61:H72) -> 0
A74: بدینوسیله گواهی میشود مبلغ یورو بابت حقوق اردیبهشت ماه و مبلغ یورو بابت اضافه کاری جمعآ به مبلغ یورو به تعداد نفر از کارکنان محلی رایزنی فرهنگی ج. ا.ایران در کشور از محل بودجه برنامه مصوب پرداخت گردیده است. صحن مندرجات مورد تأئید می باشد.
A77: کارشناس فرهنگی | G77: مهر و امضاء رایزنی فرهنگی
A84: نمایندگی فرهنگی ج.ا.ایران در
A85: حقوق،بازخريدي و...كاركنان بومي کد برنامه: خرداد ماه سال | G85: نرخ تسعیر: | H85: =تسعير!E34 -> 3.7750002
A86: ردیف | B86: نام و نام خانوادگی | C86: شغل | D86: حقوق ماهانه به یورو | E86: حقوق ماهانه به ارز محل | F86: ساعت اضافه کار | G86: مبلغ اضافه کار به یورو | H86: جمع کل پرداختی به یورو | I86: توضیحات
A87: 1 | H87: =D87+E87/H85+G87 -> 0
A88: 2 | H88: =D88+E88/H85+G88 -> 0
A89: 3 | H89: =D89+E89/H85+G89 -> 0
A90: 4 | H90: =D90+E90/H85+G90 -> 0
A91: 5 | H91: =D91+E91/H85+G91 -> 0
A92: 6 | H92: =D92+E92/H85+G92 -> 0
A93: 7 | H93: =D93+E93/H85+G93 -> 0
A94: 8 | H94: =D94+E94/H85+G94 -> 0
A95: 9 | H95: =D95+E95/H85+G95 -> 0
A96: 10 | H96: =D96+E96/H85+G96 -> 0
A97: 11 | H97: =D97+E97/H85+G97 -> 0
A98: 12 | H98: =D98+E98/H85+G98 -> 0
A99: جمع کل: | D99: =SUM(D87:D98) -> 0 | E99: =SUM(E87:E98) -> 0 | F99: =SUM(F87:F98) -> 0 | G99: =SUM(G87:G98) -> 0 | H99: =SUM(H87:H98) -> 0
A100: بدینوسیله گواهی میشود مبلغ یورو بابت حقوق خرداد ماه و مبلغ یورو بابت اضافه کاری جمعآ به مبلغ یورو به تعداد نفر از کارکنان محلی رایزنی فرهنگی ج. ا.ایران در کشور از محل بودجه برنامه مصوب پرداخت گردیده است. صحن مندرجات مورد تأئید می باشد.
A103: کارشناس فرهنگی | G103: مهر و امضاء رایزنی فرهنگی
A110: نمایندگی فرهنگی ج.ا.ایران در
A111: حقوق،بازخريدي و...كاركنان بومي کد برنامه: تیر ماه سال | G111: نرخ تسعیر: | H111: =تسعير!E34 -> 3.7750002
A112: ردیف | B112: نام و نام خانوادگی | C112: شغل | D112: حقوق ماهانه به یورو | E112: حقوق ماهانه به ارز محل | F112: ساعت اضافه کار | G112: مبلغ اضافه کار به یورو | H112: جمع کل پرداختی به یورو | I112: توضیحات
A113: 1 | H113: =D113+E113/H111+G113 -> 0
A114: 2 | H114: =D114+E114/H111+G114 -> 0
A115: 3 | H115: =D115+E115/H111+G115 -> 0
A116: 4 | H116: =D116+E116/H111+G116 -> 0
A117: 5 | H117: =D117+E117/H111+G117 -> 0
A118: 6 | H118: =D118+E118/H111+G118 -> 0
A119: 7 | H119: =D119+E119/H111+G119 -> 0
A120: 8 | H120: =D120+E120/H111+G120 -> 0
A121: 9 | H121: =D121+E121/H111+G121 -> 0
A122: 10 | H122: =D122+E122/H111+G122 -> 0
A123: 11 | H123: =D123+E123/H111+G123 -> 0
A124: 12 | H124: =D124+E124/H111+G124 -> 0
A125: جمع کل: | D125: =SUM(D113:D124) -> 0 | E125: =SUM(E113:E124) -> 0 | F125: =SUM(F113:F124) -> 0 | G125: =SUM(G113:G124) -> 0 | H125: =SUM(H113:H124) -> 0
A126: بدینوسیله گواهی میشود مبلغ یورو بابت حقوق تیر ماه و مبلغ یورو بابت اضافه کاری جمعآ به مبلغ یورو به تعداد نفر از کارکنان محلی رایزنی فرهنگی ج. ا.ایران در کشور از محل بودجه برنامه مصوب پرداخت گردیده است. صحن مندرجات مورد تأئید می باشد.
A129: کارشناس فرهنگی | G129: مهر و امضاء رایزنی فرهنگی
A136: نمایندگی فرهنگی ج.ا.ایران در
A137: حقوق،بازخريدي و...كاركنان بومي کد برنامه: مرداد ماه سال | G137: نرخ تسعیر: | H137: =تسعير!E34 -> 3.7750002
A138: ردیف | B138: نام و نام خانوادگی | C138: شغل | D138: حقوق ماهانه به یورو | E138: حقوق ماهانه به ارز محل | F138: ساعت اضافه کار | G138: مبلغ اضافه کار به یورو | H138: جمع کل پرداختی به یورو | I138: توضیحات
A139: 1 | H139: =D139+E139/H137+G139 -> 0
A140: 2 | H140: =D140+E140/H137+G140 -> 0
A141: 3 | H141: =D141+E141/H137+G141 -> 0
A142: 4 | H142: =D142+E142/H137+G142 -> 0
A143: 5 | H143: =D143+E143/H137+G143 -> 0
A144: 6 | H144: =D144+E144/H137+G144 -> 0
A145: 7 | H145: =D145+E145/H137+G145 -> 0
A146: 8 | H146: =D146+E146/H137+G146 -> 0
A147: 9 | H147: =D147+E147/H137+G147 -> 0
A148: 10 | H148: =D148+E148/H137+G148 -> 0
A149: 11 | H149: =D149+E149/H137+G149 -> 0
A150: 12 | H150: =D150+E150/H137+G150 -> 0
A151: جمع کل: | D151: =SUM(D139:D150) -> 0 | E151: =SUM(E139:E150) -> 0 | F151: =SUM(F139:F150) -> 0 | G151: =SUM(G139:G150) -> 0 | H151: =SUM(H139:H150) -> 0
...

Sheet روکش حقوق محلی
A1: نمایندگی فرهنگی سفارت ج.ا.ایران در
A2: روکش لیست هزینه های حقوق بازخریدی و پاداش کارکنان محلی
A3: کد برنامه مصوب: | D3: نرخ تسعیر: | E3: =تسعير!E34 -> 3.7750002
A4: ردیف | B4: شرح هزینه | C4: ارز محل | D4: اضافه کاری یورو | E4: حقوق یورو | F4: جمع کل به یورو
A5: 1 | B5: حقوق و اضافه کاری فروردین ماه سال | C5: ='ریزحقوق کارکنان محلی'!E47 -> 0 | D5: ='ریزحقوق کارکنان محلی'!G47 -> 0 | E5: ='ریزحقوق کارکنان محلی'!D47 -> 0 | F5: ='ریزحقوق کارکنان محلی'!H47 -> 0
A6: 2 | B6: حقوق و اضافه کاری اردیبهشت ماه سال | C6: ='ریزحقوق کارکنان محلی'!E73 -> 0 | D6: ='ریزحقوق کارکنان محلی'!G73 -> 0 | E6: ='ریزحقوق کارکنان محلی'!D73 -> 0 | F6: ='ریزحقوق کارکنان محلی'!H73 -> 0
A7: 3 | B7: حقوق و اضافه کاری خرداد ماه سال | C7: ='ریزحقوق کارکنان محلی'!E99 -> 0 | D7: ='ریزحقوق کارکنان محلی'!G99 -> 0 | E7: ='ریزحقوق کارکنان محلی'!D99 -> 0 | F7: ='ریزحقوق کارکنان محلی'!H99 -> 0
A8: 4 | B8: حقوق و اضافه کاری تیر ماه سال | C8: ='ریزحقوق کارکنان محلی'!E125 -> 0 | D8: ='ریزحقوق کارکنان محلی'!G125 -> 0 | E8: ='ریزحقوق کارکنان محلی'!D125 -> 0 | F8: ='ریزحقوق کارکنان محلی'!H125 -> 0
A9: 5 | B9: حقوق و اضافه کاری مرداد ماه سال | C9: ='ریزحقوق کارکنان محلی'!E151 -> 0 | D9: ='ریزحقوق کارکنان محلی'!G151 -> 0 | E9: ='ریزحقوق کارکنان محلی'!D151 -> 0 | F9: ='ریزحقوق کارکنان محلی'!H151 -> 0
A10: 6 | B10: حقوق و اضافه کاری شهریور ماه سال | C10: ='ریزحقوق کارکنان محلی'!E177 -> 0 | D10: ='ریزحقوق کارکنان محلی'!G177 -> 0 | E10: ='ریزحقوق کارکنان محلی'!D177 -> 0 | F10: ='ریزحقوق کارکنان محلی'!H177 -> 0
A11: 7 | B11: حقوق و اضافه کاری مهر ماه سال | C11: ='ریزحقوق کارکنان محلی'!E203 -> 0 | D11: ='ریزحقوق کارکنان محلی'!G203 -> 0 | E11: ='ریزحقوق کارکنان محلی'!D203 -> 0 | F11: ='ریزحقوق کارکنان محلی'!H203 -> 0
A12: 8 | B12: حقوق و اضافه کاری آبان ماه سال | C12: ='ریزحقوق کارکنان محلی'!E229 -> 0 | D12: ='ریزحقوق کارکنان محلی'!G229 -> 0 | E12: ='ریزحقوق کارکنان محلی'!D229 -> 0 | F12: ='ریزحقوق کارکنان محلی'!H229 -> 0
A13: 9 | B13: حقوق و اضافه کاری آذر ماه سال | C13: ='ریزحقوق کارکنان محلی'!E255 -> 0 | D13: ='ریزحقوق کارکنان محلی'!G255 -> 0 | E13: ='ریزحقوق کارکنان محلی'!D255 -> 0 | F13: ='ریزحقوق کارکنان محلی'!H255 -> 0
A14: 10 | B14: حقوق و اضافه کاری دی ماه سال | C14: ='ریزحقوق کارکنان محلی'!E281 -> 0 | D14: ='ریزحقوق کارکنان محلی'!G281 -> 0 | E14: ='ریزحقوق کارکنان محلی'!D281 -> 0 | F14: ='ریزحقوق کارکنان محلی'!H281 -> 0
A15: 11 | B15: حقوق و اضافه کاری بهمن ماه سال | C15: ='ریزحقوق کارکنان محلی'!E307 -> 0 | D15: ='ریزحقوق کارکنان محلی'!G307 -> 0 | E15: ='ریزحقوق کارکنان محلی'!D307 -> 0 | F15: ='ریزحقوق کارکنان محلی'!H307 -> 0
A16: 12 | B16: حقوق و اضافه کاری اسفند ماه سال | C16: ='ریزحقوق کارکنان محلی'!E333 -> 0 | D16: ='ریزحقوق کارکنان محلی'!G333 -> 0 | E16: ='ریزحقوق کارکنان محلی'!D333 -> 0 | F16: ='ریزحقوق کارکنان محلی'!H333 -> 0
A17: 13 | B17: هزینه یک:
A18: 14 | B18: هزینه دو:
A19: 15 | B19: هزینه سه:
A20: 16 | B20: هزینه چهار:
A21: 17 | B21: هزینه پنج:
A22: 18
A23: 19
A24: 20
A25: جمع کل: | C25: =SUM(C5:C24) -> 0 | D25: =SUM(D5:D24) -> 0 | E25: =SUM(E5:E24) -> 0 | F25: =SUM(F5:F24) -> 0
A26: جمع یوروئی | D26: =E25+D25 -> 0 | F26: =F25 -> 0
A27: بدینوسیله گواهی میشود مبلغ ارز محل ( ) با نرخ تسعیر برابر یورو و احتساب مبلغ هزینه یورویی جمعأ به مبلغ یورو از تاریخ لغایت از محل بودجه برنامه مصوب هزینه گردیه است.
A29: حسابرس اعزامی | D29: رایزنی فرهنگی

Sheet فهرست وجوه ارسالي
A1: فهرست وجوه ارسالي از سازمان فرهنگ و ارتباطات اسلامي
A2: نمايندگي فرهنگي سفارت ج.ا.ايران در ترکمنستان
A3: از تاريخ 91/7/28 لغايت 91/12/29
G4: ارقام: به يورو
A5: رديف | B5: شرح برنامه | C5: شماره سند | D5: شماره حواله | E5: تاريخ حواله | F5: بودجه ارسالي | G5: بودجه واريز شده به حساب | H5: كارمزد بانكي
A6: 1 | B6: جاری و فرهنگی | F6: 66875 | G6: 66875
A7: 2 | B7: حقوق آقای اسماعیل زاده | F7: 30429 | G7: 30429
A8: 3 | B8: حقوق آقای نعمتی زاده | F8: 23504 | G8: 23504 | H8: =F8-G8 -> 0
A9: 4 | B9: حقوق آقای میرمحمدی | F9: 9192 | G9: 9192 | H9: =F9-G9 -> 0
A10: 5 | B10: اعزام مبلغ | F10: 4000 | G10: 4000 | H10: =F10-G10 -> 0
A11: 6 | B11: دهه ی فجر | F11: 4000 | G11: 4000 | H11: =F11-G11 -> 0
A12: 7 | H12: =F12-G12 -> 0
A13: 8 | H13: =F13-G13 -> 0
A14: 9 | H14: =F14-G14 -> 0
A15: 10 | H15: =F15-G15 -> 0
A16: 11 | H16: =F16-G16 -> 0
A17: 12 | H17: =F17-G17 -> 0
A18: 13 | H18: =F18-G18 -> 0
A19: 14 | H19: =F19-G19 -> 0
A20: جمع كل | F20: =SUM(F6:F19) -> 138000 | G20: =SUM(G6:G19) -> 138000 | H20: =SUM(H6:H19) -> 0
A21: بدينوسيله گواهي مي شود مبالغ فوق الذكر بابت بودجه جاري و فرهنگي تحویلی به نمايندگي فرهنگی ج .ا.ایران در ترکمنستان
A22: مراتب مورد تاييد است.
A24: حسابرس اعزامي از مركز: سعید حقانی | F24: رايزن فرهنگي ج.ا. ايران در ترکمستان
G25: آقای اسماعیل زاده

Sheet هزينه و انحراف 2
A1: صورت خلاصه هزینه های جاری نمایندگی فرهنگی جمهوری اسلامی ایران در تركمنستان از تاریخ 1392/1/1لغایت 1392/11/30
A4: ردیف | B4: کد برنامه | C4: عنوان هزینه | D4: بودجه | E4: هزینه | F4: معادل | G4: هزینه | H4: جمع عملکرد | I4: بودجه | J4: انحراف | K4: تعداد سند به برگ
D5: مصوب | E5: به ارز محل | F5: یوروئی هزینه | G5: به یورو | H5: هزینه | I5: تخصیص | J5: هزینه
A6: 1 | B6: 921321412 921321413 | C6: حقوق کارکنان محلی و بازخریدی رایزنی | F6: =E6/E28 -> 0 | G6: 19591 | H6: =F6+G6 -> 19591 | I6: 21073 | J6: =I6-H6 -> 1482
A7: 2 | B7: 921321415 | C7: کمک هزینه درمان وبیمه کارکنان | E7: 278 | F7: =E7/E28 -> 73.642381 | H7: =F7+G7 -> 73.642381 | I7: 1000 | J7: =I7-H7 -> 926.35762
A8: 3 | B8: 921321414 | C8: کمک هزینه تحصیلی فرزندان کارکنان اعزامی مرکز | E8: 2109 | F8: =E8/E28 -> 558.67547 | H8: =F8+G8 -> 558.67547 | I8: 1000 | J8: =I8-H8 -> 441.32453
A9: 4 | B9: 9213214155 | C9: هزینه های تعمير و نگهداري خودرو | E9: 3535.5 | F9: =E9/E28 -> 936.55625 | H9: =F9+G9 -> 936.55625 | I9: 2000 | J9: =I9-H9 -> 1063.4437
A10: 5 | B10: 9213214156 | C10: هزينه آب؛برق؛گاز؛وسایر سوختها | E10: 2109 | F10: =E10/E28 -> 558.67547 | H10: =F10+G10 -> 558.67547 | I10: 1000 | J10: =I10-H10 -> 441.32453
A11: 6 | B11: 9213214157 | C11: هزینه تلفن ؛ فکس ؛ واينترنت | E11: 19129 | F11: =E11/E28 -> 5067.2846 | H11: =F11+G11 -> 5067.2846 | I11: 6000 | J11: =I11-H11 -> 932.71544
A12: 7 | B12: 9213214159 | C12: خرید اقلام مصرفی و پذیرائی | E12: 7133 | F12: =E12/E28 -> 1889.5363 | H12: =F12+G12 -> 1889.5363 | I12: 2000 | J12: =I12-H12 -> 110.46365
A13: 8 | F13: =E13/E28 -> 0 | H13: =G13+F13 -> 0 | J13: =I13-H13 -> 0
A14: 9 | F14: =E14/E28 -> 0 | H14: =G14+F14 -> 0 | J14: =I14-H14 -> 0
A15: 10 | F15: =E15/E28 -> 0 | H15: =G15+F15 -> 0 | J15: =I15-H15 -> 0
A16: 11 | F16: =E16/E28 -> 0 | H16: =G16+F16 -> 0 | J16: =I16-H16 -> 0
A17: 12 | F17: =E17/E28 -> 0 | H17: =G17+F17 -> 0 | J17: =I17-H17 -> 0
A18: 13 | F18: =E18/E28 -> 0 | H18: =G18+F18 -> 0 | J18: =I18-H18 -> 0
A19: 14 | B19: 9213214160 | C19: حمل نقل و ارتباطات | E19: 3823 | F19: =E19/E28 -> 1012.7152 | H19: 0 | I19: 2000 | J19: =I19-H19 -> 2000
A20: 15 | C20: هزینه های بانکی و پست | F20: =E20/E28 -> 0 | H20: =F20+G20 -> 0 | J20: =I20-H20 -> 0
A21: 16 | B21: 9213214152 | C21: هزینه های پیش بینی نشده در امور فرهنگی و جاری | E21: 1361 | F21: =E21/E28 -> 360.52979 | H21: =F21+G21 -> 360.52979 | I21: 2400 | J21: =I21-H21 -> 2039.4702
A22: 17 | B22: 9213214154 | C22: هزينه های تعمير و نگهداري اماكن و وسايل اداري | E22: 1384 | F22: =E22/E28 -> 366.6225 | H22: =F22+G22 -> 366.6225 | I22: 1000 | J22: =I22-H22 -> 633.3775
A23: 18 | C23: حقوق اعزامی از مرکز | F23: =E23/E28 -> 0 | H23: =F23+G23 -> 0 | J23: =I23-H23 -> 0
A24: 19 | C24: علی الحساب حقوق کارکنان محلی | F24: =E24/E28 -> 0 | H24: =F24+G24 -> 0 | J24: =I24-H24 -> 0
A25: 20 | C25: هزینه اجاره ساختمان مرکز آموزش | F25: =E25/E28 -> 0 | H25: =F25+G25 -> 0 | J25: =I25-H25 -> 0
A26: 21 | C26: علی الحساب حقوق کارکنان اعزامی | F26: =E26/E28 -> 0 | H26: =F26+G26 -> 0 | J26: =I26-H26 -> 0
A27: جمع کل هزینه های جاری و حقوق | D27: =SUM(D6:D25) -> 0 | E27: =SUM(E6:E25) -> 40861.5 | F27: =SUM(F6:F25) -> 10824.238 | G27: =SUM(G6:G25) -> 19591 | H27: =SUM(H6:H26) -> 29402.523 | I27: =SUM(I6:I25) -> 39473 | J27: =SUM(J6:J25) -> 10070.477 | K27: =SUM(K6:K26) -> 0
D28: تسعير: | E28: =تسعير!E34 -> 3.7750002 | G28: آقای اسماعیل زاده
C29: حسابرس اعزامي: سعید حقانی | G29: رایزن فرهنگی جمهوری اسلامی ایران در تركمنستان
A37: صورت خلاصه هزینه های فرهنگی نمایندگی فرهنگی جمهوری اسلامی ایران در تركمنستان از تاریخ 1392/1/1لغایت 1392/11/30
A40: ردیف | B40: کد برنامه | C40: عنوان هزینه | D40: بودجه | E40: هزینه | F40: معادل | G40: هزینه | H40: جمع عملکرد | I40: بودجه | J40: انحراف | K40: تعداد سند به برگ
D41: مصوب | E41: به ارز محل | F41: یوروئی هزینه | G41: به یورو | H41: هزینه | I41: تخصیص | J41: هزینه
A42: 1 | B42: 9213214114 | C42: برگزاری جشن نوروز | E42: 8854.2 | F42: =E42/E78 -> 2345.4833 | G42: 650 | H42: =F42+G42 -> 2995.4833 | I42: 2500 | J42: =I42-H42 -> -495.48335
A43: 2 | B43: 9213214115 | C43: برگزاری مراسم مردمی سالگرد ارتحال امام ره | E43: 4535 | F43: =E43/E78 -> 1201.3245 | H43: =F43+G43 -> 1201.3245 | I43: 2500 | J43: =I43-H43 -> 1298.6755
A44: 3 | B44: 9213214116 | C44: برگزاری مراسم ویژه برزگداشت نیمه شعبان | E44: 6783 | F44: =E44/E78 -> 1796.8211 | H44: =F44+G44 -> 1796.8211 | I44: 2000 | J44: =I44-H44 -> 203.17888
A45: 4 | B45: 9213214117 | C45: انتشار 4 شماره از نشریه دوره ای خاوران | E45: 6140 | F45: =E45/E78 -> 1626.49 | H45: =F45+G45 -> 1626.49 | I45: 3000 | J45: =I45-H45 -> 1373.51 | K45: 4
A46: 5 | B46: 9213214130 | C46: برگزاری مناسبتهای دینی و مذهبی(رمضان محرم ولادتها و وفاتهاو... | E46: 34945 | F46: =E46/E78 -> 9256.9533 | H46: =F46+G46 -> 9256.9533 | I46: 6000 | J46: =I46-H46 -> -3256.9533
A47: 6 | C47: برگزاری هفته فرهنگی | F47: =E47/E78 -> 0 | H47: =F47+G47 -> 0 | J47: =I47-H47 -> 0
A48: 7 | C48: برگزاری روزهای دوستی کودکان و نوجوانان ایران و ترکمنستان | F48: =E48/E78 -> 0 | H48: =F48+G48 -> 0 | J48: =I48-H48 -> 0
A49: 8 | C49: برگزاری نمایشگاه قرآنی در ماه مبارک رمضان | F49: =E49/E78 -> 0 | H49: =G49+F49 -> 0 | J49: =I49-H49 -> 0
A50: 9 | B50: 9213214120 | C50: برگزاري همايش امام رضا (ع) در مرو | E50: 15054 | F50: =E50/E78 -> 3987.8144 | H50: =G50+F50 -> 3987.8144 | I50: 4000 | J50: =I50-H50 -> 12.185592
A51: 10 | C51: برگزاري مراسم مردمي روز قدس | F51: =E51/E78 -> 0 | H51: =G51+F51 -> 0 | J51: =I51-H51 -> 0
A52: 11 | B52: 9213214133 | C52: حمايت از فعاليت هاي ديني و تبليغي بومي | E52: 13569.1 | F52: =E52/E78 -> 3594.4634 | G52: 400 | H52: =G52+F52 -> 3994.4634 | I52: 5000 | J52: =I52-H52 -> 1005.5366
A53: 12 | C53: حمايت از برگزاري نشست علمي"اخلاق و معنويت در اشعار مختومقلي" | F53: =E53/E78 -> 0 | H53: =G53+F53 -> 0 | J53: =I53-H53 -> 0
A54: 13 | C54: حمايت از چاپ مقاله در مطبوعات محلي | F54: =E54/E78 -> 0 | H54: =G54+F54 -> 0 | J54: =I54-H54 -> 0
A55: 14 | C55: ترجمه و انتشار کتاب سيره نبوي شهيد مطهري | F55: =E55/E78 -> 0 | H55: =G55+F55 -> 0 | J55: =I55-H55 -> 0
A56: 15 | C56: ترجمه و چاپ کتاب انسان و ايمان شهيد مطهري | F56: =E56/E78 -> 0 | H56: =G56+F56 -> 0 | J56: =I56-H56 -> 0
A57: 16 | C57: ترجمه و انتشار کتاب " آنچه يک مسلمان بايد بداند " رضا استادي | F57: =E57/E78 -> 0 | H57: =G57+F57 -> 0 | J57: =I57-H57 -> 0
A58: 17 | C58: ترجمه و انتشار کتاب " پس از پنجاه سال (قيام امام حسين ع ) اثر دکتر شهيدي | F58: =E58/E78 -> 0 | H58: =G58+F58 -> 0 | J58: =I58-H58 -> 0
A59: 18 | C59: ترجمه و انتشار کتابي در باره امام رضا (ع) | F59: =E59/E78 -> 0 | H59: =G59+F59 -> 0 | J59: =I59-H59 -> 0
A60: 19 | C60: تاسيس کتابخانه در مسجد پيروان اهل بيت(ع) شهر ترکمنباشي | F60: =E60/E78 -> 0 | H60: =G60+F60 -> 0 | J60: =I60-H60 -> 0
A61: 20 | C61: تجهيز و توسعه حسينيه امام خميني(ره) مرو | F61: =E61/E78 -> 0 | H61: =G61+F61 -> 0 | J61: =I61-H61 -> 0
A62: 21 | B62: 9213214129 | C62: تعمير و تجهيز مساجد پيروان اهل بيت(ع) شهرهاي عشق آباد - بايرامعلي- کاخکا- باقر | E62: 15692.8 | F62: =E62/E78 -> 4157.0329 | H62: =G62+F62 -> 4157.0329 | I62: 4000 | J62: =I62-H62 -> -157.03294
A63: 22 | B63: 9213214139 | C63: برگزاري 4 دوره (ترم) آموزش زبان فارسي در 4 سطح ابتدايي- متوسطه- پيشرفته- عالي | E63: 57842 | F63: =E63/E78 -> 15322.383 | H63: =G63+F63 -> 15322.383 | I63: 25000 | J63: =I63-H63 -> 9677.6165
A64: 23 | B64: 9213214140 | C64: برگزاري 3 اردوي علمي و آموزشي براي فارسي آموزان رايزني | E64: 2701 | F64: =E64/E78 -> 715.49666 | H64: =G64+F64 -> 715.49666 | I64: 1000 | J64: =I64-H64 -> 284.50334
A65: 24 | C65: حمايت از خادمين زبان و ادبيات فارسي | F65: =E65/E78 -> 0 | H65: =G65+F65 -> 0 | J65: =I65-H65 -> 0
A66: 25 | C66: تبادل هيئت هاي دانشگاهي | F66: =E66/E78 -> 0 | H66: =G66+F66 -> 0 | J66: =I66-H66 -> 0
A67: 26 | C67: اعزام افراد و گروههاي فرهنگي و ديني به مشهد مقدس | F67: =E67/E78 -> 0 | H67: =G67+F67 -> 0 | J67: =I67-H67 -> 0
A68: 27 | C68: بررسي و تحقيق در باره فعاليت هاي فرهنگي کشورهاي ديگر | F68: =E68/E78 -> 0 | H68: =G68+F68 -> 0 | J68: =I68-H68 -> 0
A69: 28 | C69: پژوهشي در آثار تاريخي ايراني - اسلامي در ترکمنستان | F69: =E69/E78 -> 0 | H69: 0 | J69: =I69-H69 -> 0
A70: 29 | C70: بررسي اصول و جهت گيري هاي ديني و فرهنگي دولت ترکمنستان | F70: =E70/E78 -> 0 | H70: =F70+G70 -> 0 | J70: =I70-H70 -> 0
A71: 30 | B71: 9213214143 | C71: ترجمه و انتشار نهج البلاغه | E71: 2040 | F71: =E71/E78 -> 540.39733 | H71: =F71+G71 -> 540.39733 | I71: 3500 | J71: =I71-H71 -> 2959.6027
A72: 31 | C72: ترجمه قرآن كريم به زبان تركمني | F72: =E72/E78 -> 0 | H72: =F72+G72 -> 0 | J72: =I72-H72 -> 0
A73: 32 | B73: 9213214138 | C73: اجرای برنامه های مبادلات فرهنگی | E73: 1172 | F73: =E73/E78 -> 310.46356 | H73: =F73+G73 -> 310.46356 | I73: 1000 | J73: =I73-H73 -> 689.53644
A74: 33 | B74: 9213214151 | C74: ترجمه و چاپ کتاب آموزش زبان فارسی کتاب اول | E74: 1252 | F74: =E74/E78 -> 331.65562 | H74: =F74+G74 -> 331.65562 | I74: 1500 | J74: =I74-H74 -> 1168.3444
A75: 34 | F75: =E75/E78 -> 0 | H75: =F75+G75 -> 0 | J75: =I75-H75 -> 0
A76: 35 | F76: =E76/E78 -> 0 | H76: =F76+G76 -> 0 | J76: =I76-H76 -> 0
A77: جمع کل هزینه های جاری و حقوق | D77: =SUM(D42:D75) -> 0 | E77: =SUM(E42:E75) -> 170580.1 | F77: =SUM(F42:F75) -> 45186.78 | G77: =SUM(G42:G75) -> 1050 | H77: =SUM(H42:H76) -> 46236.78 | I77: =SUM(I42:I75) -> 61000 | J77: =SUM(J42:J75) -> 14763.22 | K77: =SUM(K42:K76) -> 4
D78: تسعير: | E78: =تسعير!E34 -> 3.7750002 | G78: آقای اسماعیل زاده
C79: حسابرس اعزامي: سعید حقانی | G79: رایزن فرهنگی جمهوری اسلامی ایران در تركمنستان
